03009,GN06BGV,
03016,MPE3389,
03025,INS6012,
03033,SEZ229,
03057,INTT263,
03058,C24JBH,
03066,HHP8586,
03071,6GQR959,
03141,JU62920,
03153,27XZJF,
03162,MUJ7957,
03170,70NTNN,
03190,SQT1451,
03224,VZ60MLB,
03230,UH869,
03272,2CAA30,
03273,DG52KPL,
03297,J2II35,
03300,J306CTS,
03311,VI2AWL,
03360,MPE7202,
03401,BKK3306,
03422,NXT03C,
03429,06UV564,
03438,A29ITGE,
03468,VA8813,
03470,FHW789,
03508,5WAG857,
03513,DF47567,
03543,INRS608,
03549,DP566TV,
03625,AF79HJ,
03738,INCS5030,
03818,HHLM968,
03872,028179,
03874,MMF4624,
03878,BD66508,
03880,HGW403,
03953,MLC3534,
03981,HNV8,
03990,ACAC1350,
04052,MUH4315,
04078,SEZ229,
04191,INC1380,
04240,W0BAW419,
04283,BLZZ36I,
04362,RX60GTU,
04395,FE002CA,
04415,GFIIORO,
04435,CB977YR,
04442,LR58LFZ,
04449,DK070YM,
04497,BUB346,
04526,AURI318,
04527,MXH4622,
04534,XHZ591,
04551,XX4504,
04569,276XUW,
04572,HBDD1111,
04661,B0007KH,
04663,AA888HH,
04675,SMA6303,
04719,49GBT7,
04725,AMV8,
04733,NXS04R,
04736,MBX4501,
04751,400T8S,
04814,MZU4316,
04818,HNQU242,
04896,R0CK6200,
04909,804TJN,
04949,M241UUB,
05012,7720FD75,
05018,PXG768,
05053,53JGZ5,
05056,5PIT473,
05109,XHK664,
05156,MJE4598,
05163,XTE959,
05315,JGS530,
05344,MLC3511,MLC3534,MLC3543,
05445,ERA55H,
05493,WZH575,
05518,INS5201,
05528,YE46524,
05587,BKW2701,
05589,KX772,
05594,PWC440,
05607,XAN425,
05651,CE189BL,
05679,WOBR3249,
05688,1847XR02,
05706,MJE4267,
05713,INC6559,
05717,CHB507,
05763,DKIOBGZ,
05855,HXI2AUF,
05907,SGO3122,
05939,AA888HH,
05981,DF03OCV,
06002,KXIONKW,
06014,NX09NHY,
